{"cameraMode":{"drawMode":0,"name":"Shaded","section":"Shading Mode"},"sceneLighting":true,"audioPlay":false,"sceneViewState":{"showFog":true,"showMaterialUpdate":false,"showSkybox":true,"showFlares":true,"showImageEffects":true,"showParticleSystems":true},"in2DMode":false,"pivot":{"x":-2.5962324142456056,"y":-1.7783371210098267,"z":-1.387514591217041},"rotation":{"x":-0.2070450782775879,"y":0.5271000862121582,"z":-0.13420332968235017,"w":-0.8131959438323975},"size":6.819802761077881,"orthographic":false}